timestamp,test_name,processing_mode,delegate,data_description,input_size,duration_ms,duration_std_ms,duration_min_ms,duration_max_ms,transfer_ms,transfer_std_ms,transfer_min_ms,transfer_max_ms,compute_ms,compute_std_ms,compute_min_ms,compute_max_ms,throughput_ops_per_sec,iterations,batch_size,estimated_energy,manufacturer,model,hardware,board,soc,sdk_int,power_save,notes
1764546361336,"MAD CPU Kotlin",Kotlin,"CPU Kotlin","1×(1 sensor × 4096 amostras)",4096,4.117748,0.458990,3.744115,5.475625,0.000000,0.000000,0.000000,0.000000,4.117748,0.458990,3.744115,5.475625,994718.573,12,1,"Alta (CPU Kotlin)",motorola,"moto g84 5G",qcom,bangkk,"QTI SM6375",34,false,"Mean=1775,549 | Std=765,889 | Min=146,156 | Max=2500,408 | Escala 1x | Tempos: T=0,00ms/P=5,48ms, T=0,00ms/P=4,30ms, T=0,00ms/P=4,34ms, T=0,00ms/P=3,74ms, T=0,00ms/P=4,27ms, T=0,00ms/P=3,80ms, T=0,00ms/P=4,07ms, T=0,00ms/P=4,06ms, T=0,00ms/P=3,95ms, T=0,00ms/P=3,83ms, T=0,00ms/P=3,76ms, T=0,00ms/P=3,81ms"
1764546361358,"MAD TFLite CPU","TensorFlow Lite","TFLite CPU","1×(1 sensor × 4096 amostras)",4096,1.012235,0.038751,0.969791,1.123855,0.857192,0.016836,0.844271,0.897448,0.155044,0.025091,0.124791,0.226407,4046489.515,12,1,"Média (CPU TFLite)",motorola,"moto g84 5G",qcom,bangkk,"QTI SM6375",34,false,"Mean=1751.6404 | Std=771.8863 | Min=0.0 | Max=2502.3801 | Escala 1x | Tempos: T=0,90ms/P=0,23ms, T=0,85ms/P=0,16ms, T=0,85ms/P=0,17ms, T=0,87ms/P=0,15ms, T=0,85ms/P=0,13ms, T=0,85ms/P=0,13ms, T=0,87ms/P=0,15ms, T=0,85ms/P=0,15ms, T=0,84ms/P=0,15ms, T=0,87ms/P=0,16ms, T=0,85ms/P=0,16ms, T=0,85ms/P=0,12ms"
1764546361382,"MAD TFLite GPU","TensorFlow Lite","TFLite GPU","1×(1 sensor × 4096 amostras)",4096,1.021784,0.082098,0.964063,1.283280,0.864358,0.044448,0.843750,1.005989,0.157426,0.039121,0.119688,0.277291,4008675.023,12,1,"Baixa (GPU Paralela)",motorola,"moto g84 5G",qcom,bangkk,"QTI SM6375",34,false,"Mean=1751.6404 | Std=771.8863 | Min=0.0 | Max=2502.3801 | Escala 1x | Tempos: T=1,01ms/P=0,28ms, T=0,85ms/P=0,16ms, T=0,85ms/P=0,17ms, T=0,85ms/P=0,16ms, T=0,84ms/P=0,14ms, T=0,84ms/P=0,12ms, T=0,87ms/P=0,14ms, T=0,84ms/P=0,14ms, T=0,85ms/P=0,15ms, T=0,89ms/P=0,17ms, T=0,84ms/P=0,14ms, T=0,84ms/P=0,12ms"
1764546361404,"MAD TFLite NNAPI","TensorFlow Lite","TFLite NNAPI","1×(1 sensor × 4096 amostras)",4096,1.016940,0.045172,0.976354,1.121198,0.863611,0.033511,0.842657,0.952864,0.153329,0.022836,0.131510,0.218021,4027768.593,12,1,"Baixa/Média (NNAPI)",motorola,"moto g84 5G",qcom,bangkk,"QTI SM6375",34,false,"Mean=1751.6404 | Std=771.8863 | Min=0.0 | Max=2502.3801 | Escala 1x | Tempos: T=0,88ms/P=0,22ms, T=0,85ms/P=0,15ms, T=0,85ms/P=0,14ms, T=0,85ms/P=0,15ms, T=0,84ms/P=0,14ms, T=0,85ms/P=0,15ms, T=0,84ms/P=0,17ms, T=0,84ms/P=0,15ms, T=0,91ms/P=0,14ms, T=0,84ms/P=0,13ms, T=0,84ms/P=0,14ms, T=0,95ms/P=0,17ms"
1764546362003,"MAD CPU Kotlin x10",Kotlin,"CPU Kotlin","12×(1 sensor × 4096 amostras)",49152,49.118220,2.395651,46.496406,55.887447,0.000000,0.000000,0.000000,0.000000,49.118220,2.395651,46.496406,55.887447,1000687.722,12,12,"Alta (CPU Kotlin)",motorola,"moto g84 5G",qcom,bangkk,"QTI SM6375",34,false,"Mean=1843,158 | Std=699,326 | Min=182,759 | Max=2495,836 | Escala 1x | Tempos: T=0,00ms/P=49,31ms, T=0,00ms/P=48,79ms, T=0,00ms/P=50,54ms, T=0,00ms/P=50,64ms, T=0,00ms/P=55,89ms, T=0,00ms/P=47,87ms, T=0,00ms/P=46,61ms, T=0,00ms/P=47,64ms, T=0,00ms/P=46,50ms, T=0,00ms/P=47,99ms, T=0,00ms/P=49,14ms, T=0,00ms/P=48,51ms"
1764546362182,"MAD TFLite CPU x10","TensorFlow Lite","TFLite CPU","12×(1 sensor × 4096 amostras)",49152,11.924289,0.119299,11.787136,12.217081,10.247439,0.061999,10.172864,10.391144,1.676850,0.094427,1.577604,1.934530,4122006.800,12,12,"Média (CPU TFLite)",motorola,"moto g84 5G",qcom,bangkk,"QTI SM6375",34,false,"Mean=1838.7233 | Std=714.7687 | Min=0.0 | Max=2502.3801 | Escala 1x | Tempos: T=10,28ms/P=1,93ms, T=10,33ms/P=1,73ms, T=10,20ms/P=1,69ms, T=10,29ms/P=1,60ms, T=10,25ms/P=1,69ms, T=10,17ms/P=1,64ms, T=10,39ms/P=1,63ms, T=10,20ms/P=1,75ms, T=10,20ms/P=1,69ms, T=10,20ms/P=1,61ms, T=10,21ms/P=1,58ms, T=10,24ms/P=1,58ms"
1764546362365,"MAD TFLite GPU x10","TensorFlow Lite","TFLite GPU","12×(1 sensor × 4096 amostras)",49152,11.958846,0.123792,11.820631,12.315934,10.298091,0.071124,10.208280,10.450467,1.660755,0.068758,1.598076,1.865467,4110095.573,12,12,"Baixa (GPU Paralela)",motorola,"moto g84 5G",qcom,bangkk,"QTI SM6375",34,false,"Mean=1838.7233 | Std=714.7687 | Min=0.0 | Max=2502.3801 | Escala 1x | Tempos: T=10,45ms/P=1,87ms, T=10,25ms/P=1,71ms, T=10,32ms/P=1,64ms, T=10,33ms/P=1,65ms, T=10,24ms/P=1,65ms, T=10,36ms/P=1,68ms, T=10,22ms/P=1,60ms, T=10,40ms/P=1,60ms, T=10,25ms/P=1,65ms, T=10,27ms/P=1,63ms, T=10,21ms/P=1,65ms, T=10,27ms/P=1,61ms"
1764546362546,"MAD TFLite NNAPI x10","TensorFlow Lite","TFLite NNAPI","12×(1 sensor × 4096 amostras)",49152,11.981570,0.153369,11.795053,12.402032,10.270976,0.063024,10.184582,10.391095,1.710594,0.105459,1.605678,2.010937,4102300.450,12,12,"Baixa/Média (NNAPI)",motorola,"moto g84 5G",qcom,bangkk,"QTI SM6375",34,false,"Mean=1838.7233 | Std=714.7687 | Min=0.0 | Max=2502.3801 | Escala 1x | Tempos: T=10,31ms/P=1,80ms, T=10,29ms/P=1,65ms, T=10,29ms/P=1,65ms, T=10,26ms/P=1,64ms, T=10,39ms/P=2,01ms, T=10,33ms/P=1,77ms, T=10,21ms/P=1,71ms, T=10,18ms/P=1,72ms, T=10,34ms/P=1,66ms, T=10,22ms/P=1,65ms, T=10,23ms/P=1,66ms, T=10,19ms/P=1,61ms"
1764546362651,"FFT CPU",Kotlin,"CPU Kotlin","1×(10 sensores × 4096 amostras)",40960,7.951745,1.870912,6.039479,12.012865,0.000000,0.000000,0.000000,0.000000,7.951745,1.870912,6.039479,12.012865,5151070.722,12,1,"Alta (CPU Kotlin)",motorola,"moto g84 5G",qcom,bangkk,"QTI SM6375",34,false,"FFT CPU -> 6,948 ms Σ pesos (4 primeiros): S0=30399214,00 | S1=26605610,00 | S2=20665760,00 | S3=14944628,00 S0 bins[0..2]: 7300396,00, 1869043,75, 830449,63 | Escala 1x | Tempos: T=0,00ms/P=11,35ms, T=0,00ms/P=12,01ms, T=0,00ms/P=9,47ms, T=0,00ms/P=6,04ms, T=0,00ms/P=7,77ms, T=0,00ms/P=7,48ms, T=0,00ms/P=6,88ms, T=0,00ms/P=7,22ms, T=0,00ms/P=7,41ms, T=0,00ms/P=6,22ms, T=0,00ms/P=6,63ms, T=0,00ms/P=6,95ms"
1764546362733,"FFT TFLite CPU","TensorFlow Lite","TFLite CPU","1×(10 sensores × 4096 amostras)",40960,3.911289,0.059413,3.842343,4.069896,2.873837,0.047514,2.817291,2.962865,1.037452,0.039283,0.987657,1.108750,10472251.187,12,1,"Média (CPU TFLite)",motorola,"moto g84 5G",qcom,bangkk,"QTI SM6375",34,false,"FFT TFLite (TFLite CPU) -> 3,842 ms Σ pesos (4 primeiros): S0=30399226,00 | S1=26605606,00 | S2=20665748,00 | S3=14944631,00 S0 bins[0..2]: 7300396,50, 1869043,75, 830449,63 | Escala 1x | Tempos: T=2,96ms/P=1,11ms, T=2,83ms/P=1,10ms, T=2,89ms/P=1,03ms, T=2,84ms/P=1,03ms, T=2,86ms/P=0,99ms, T=2,90ms/P=1,01ms, T=2,90ms/P=1,01ms, T=2,96ms/P=1,02ms, T=2,82ms/P=1,08ms, T=2,87ms/P=1,01ms, T=2,82ms/P=1,07ms, T=2,84ms/P=1,00ms"
1764546362820,"FFT TFLite GPU","TensorFlow Lite","TFLite GPU","1×(10 sensores × 4096 amostras)",40960,3.899492,0.065976,3.826250,4.093542,2.866671,0.050227,2.811302,2.982552,1.032821,0.034064,0.998073,1.110990,10503931.634,12,1,"Baixa (GPU Paralela)",motorola,"moto g84 5G",qcom,bangkk,"QTI SM6375",34,false,"FFT TFLite (TFLite GPU) -> 3,899 ms Σ pesos (4 primeiros): S0=30399226,00 | S1=26605606,00 | S2=20665748,00 | S3=14944631,00 S0 bins[0..2]: 7300396,50, 1869043,75, 830449,63 | Escala 1x | Tempos: T=2,98ms/P=1,11ms, T=2,86ms/P=1,03ms, T=2,85ms/P=1,03ms, T=2,91ms/P=1,01ms, T=2,83ms/P=1,00ms, T=2,87ms/P=1,01ms, T=2,82ms/P=1,06ms, T=2,85ms/P=1,00ms, T=2,82ms/P=1,03ms, T=2,94ms/P=1,01ms, T=2,81ms/P=1,09ms, T=2,87ms/P=1,03ms"
1764546362900,"FFT TFLite NNAPI","TensorFlow Lite","TFLite NNAPI","1×(10 sensores × 4096 amostras)",40960,3.881020,0.054938,3.821406,4.014479,2.857496,0.046757,2.802396,2.969687,1.023524,0.034829,0.992760,1.087917,10553926.772,12,1,"Baixa/Média (NNAPI)",motorola,"moto g84 5G",qcom,bangkk,"QTI SM6375",34,false,"FFT TFLite (TFLite NNAPI) -> 3,889 ms Σ pesos (4 primeiros): S0=30399226,00 | S1=26605606,00 | S2=20665748,00 | S3=14944631,00 S0 bins[0..2]: 7300396,50, 1869043,75, 830449,63 | Escala 1x | Tempos: T=2,93ms/P=1,09ms, T=2,85ms/P=1,01ms, T=2,85ms/P=1,00ms, T=2,97ms/P=1,00ms, T=2,82ms/P=1,00ms, T=2,85ms/P=1,00ms, T=2,80ms/P=1,06ms, T=2,84ms/P=1,00ms, T=2,82ms/P=1,09ms, T=2,85ms/P=0,99ms, T=2,83ms/P=1,04ms, T=2,89ms/P=1,00ms"
1764546363993,"FFT CPU x10",Kotlin,"CPU Kotlin","12×(10 sensores × 4096 amostras)",491520,86.297539,3.030658,82.437811,91.920002,0.000000,0.000000,0.000000,0.000000,86.297539,3.030658,82.437811,91.920002,5695643.324,12,12,"Alta (CPU Kotlin)",motorola,"moto g84 5G",qcom,bangkk,"QTI SM6375",34,false,"FFT CPU -> 5,864 ms Σ pesos (4 primeiros): S0=30399214,00 | S1=26605610,00 | S2=20665760,00 | S3=14944628,00 S0 bins[0..2]: 7300396,00, 1869043,75, 830449,63 | Escala 1x | Tempos: T=0,00ms/P=91,92ms, T=0,00ms/P=84,90ms, T=0,00ms/P=83,71ms, T=0,00ms/P=91,07ms, T=0,00ms/P=85,11ms, T=0,00ms/P=84,18ms, T=0,00ms/P=89,17ms, T=0,00ms/P=85,18ms, T=0,00ms/P=83,78ms, T=0,00ms/P=89,22ms, T=0,00ms/P=82,44ms, T=0,00ms/P=84,89ms"
1764546364894,"FFT TFLite CPU x10","TensorFlow Lite","TFLite CPU","12×(10 sensores × 4096 amostras)",491520,46.746381,0.366645,46.381516,47.478748,34.469805,0.256270,34.186667,35.049061,12.276576,0.128279,12.127139,12.525782,10514610.727,12,12,"Média (CPU TFLite)",motorola,"moto g84 5G",qcom,bangkk,"QTI SM6375",34,false,"FFT TFLite (TFLite CPU) -> 3,863 ms Σ pesos (4 primeiros): S0=30399226,00 | S1=26605606,00 | S2=20665748,00 | S3=14944631,00 S0 bins[0..2]: 7300396,50, 1869043,75, 830449,63 | Escala 1x | Tempos: T=34,87ms/P=12,53ms, T=34,39ms/P=12,31ms, T=35,05ms/P=12,43ms, T=34,30ms/P=12,24ms, T=34,42ms/P=12,14ms, T=34,32ms/P=12,16ms, T=34,40ms/P=12,18ms, T=34,25ms/P=12,13ms, T=34,40ms/P=12,19ms, T=34,74ms/P=12,47ms, T=34,31ms/P=12,28ms, T=34,19ms/P=12,27ms"
1764546365800,"FFT TFLite GPU x10","TensorFlow Lite","TFLite GPU","12×(10 sensores × 4096 amostras)",491520,46.644033,0.172436,46.439218,47.024116,34.418242,0.139515,34.178543,34.734532,12.225790,0.075298,12.128281,12.414166,10537682.355,12,12,"Baixa (GPU Paralela)",motorola,"moto g84 5G",qcom,bangkk,"QTI SM6375",34,false,"FFT TFLite (TFLite GPU) -> 3,863 ms Σ pesos (4 primeiros): S0=30399226,00 | S1=26605606,00 | S2=20665748,00 | S3=14944631,00 S0 bins[0..2]: 7300396,50, 1869043,75, 830449,63 | Escala 1x | Tempos: T=34,37ms/P=12,27ms, T=34,18ms/P=12,29ms, T=34,38ms/P=12,17ms, T=34,73ms/P=12,24ms, T=34,43ms/P=12,13ms, T=34,26ms/P=12,18ms, T=34,50ms/P=12,13ms, T=34,37ms/P=12,23ms, T=34,37ms/P=12,18ms, T=34,42ms/P=12,25ms, T=34,61ms/P=12,41ms, T=34,40ms/P=12,23ms"
1764546366699,"FFT TFLite NNAPI x10","TensorFlow Lite","TFLite NNAPI","12×(10 sensores × 4096 amostras)",491520,46.835572,0.680230,46.289112,48.933591,34.628615,0.624813,34.245052,36.579739,12.206957,0.094601,12.010989,12.353852,10494587.226,12,12,"Baixa/Média (NNAPI)",motorola,"moto g84 5G",qcom,bangkk,"QTI SM6375",34,false,"FFT TFLite (TFLite NNAPI) -> 3,890 ms Σ pesos (4 primeiros): S0=30399226,00 | S1=26605606,00 | S2=20665748,00 | S3=14944631,00 S0 bins[0..2]: 7300396,50, 1869043,75, 830449,63 | Escala 1x | Tempos: T=34,48ms/P=12,30ms, T=34,34ms/P=12,19ms, T=34,46ms/P=12,08ms, T=34,27ms/P=12,26ms, T=35,01ms/P=12,29ms, T=34,31ms/P=12,22ms, T=36,58ms/P=12,35ms, T=34,28ms/P=12,01ms, T=34,37ms/P=12,24ms, T=34,25ms/P=12,21ms, T=34,73ms/P=12,21ms, T=34,47ms/P=12,11ms"
1764546366837,"MAD CPU Kotlin",Kotlin,"CPU Kotlin","1×(1 sensor × 8192 amostras)",8192,11.004331,0.198136,10.749010,11.445677,0.000000,0.000000,0.000000,0.000000,11.004331,0.198136,10.749010,11.445677,744434.146,12,1,"Alta (CPU Kotlin)",motorola,"moto g84 5G",qcom,bangkk,"QTI SM6375",34,false,"Mean=1756,427 | Std=770,572 | Min=72,716 | Max=2501,732 | Escala 2x | Tempos: T=0,00ms/P=11,45ms, T=0,00ms/P=10,82ms, T=0,00ms/P=10,84ms, T=0,00ms/P=10,91ms, T=0,00ms/P=10,75ms, T=0,00ms/P=11,00ms, T=0,00ms/P=11,23ms, T=0,00ms/P=11,06ms, T=0,00ms/P=11,01ms, T=0,00ms/P=10,78ms, T=0,00ms/P=11,20ms, T=0,00ms/P=11,01ms"
1764546366871,"MAD TFLite CPU","TensorFlow Lite","TFLite CPU","1×(1 sensor × 8192 amostras)",8192,1.959245,0.091036,1.879166,2.196720,1.718511,0.045930,1.682812,1.850937,0.240734,0.063550,0.191094,0.441407,4181202.275,12,1,"Média (CPU TFLite)",motorola,"moto g84 5G",qcom,bangkk,"QTI SM6375",34,false,"Mean=1751.7931 | Std=771.7946 | Min=0.0 | Max=2502.3801 | Escala 2x | Tempos: T=1,76ms/P=0,44ms, T=1,72ms/P=0,25ms, T=1,69ms/P=0,25ms, T=1,69ms/P=0,22ms, T=1,85ms/P=0,26ms, T=1,69ms/P=0,21ms, T=1,74ms/P=0,21ms, T=1,69ms/P=0,19ms, T=1,72ms/P=0,20ms, T=1,68ms/P=0,21ms, T=1,72ms/P=0,22ms, T=1,69ms/P=0,22ms"
1764546366907,"MAD TFLite GPU","TensorFlow Lite","TFLite GPU","1×(1 sensor × 8192 amostras)",8192,1.939527,0.067044,1.872448,2.135260,1.706510,0.027835,1.676927,1.767032,0.233017,0.054790,0.188386,0.407448,4223710.214,12,1,"Baixa (GPU Paralela)",motorola,"moto g84 5G",qcom,bangkk,"QTI SM6375",34,false,"Mean=1751.7931 | Std=771.7946 | Min=0.0 | Max=2502.3801 | Escala 2x | Tempos: T=1,73ms/P=0,41ms, T=1,69ms/P=0,24ms, T=1,71ms/P=0,24ms, T=1,68ms/P=0,21ms, T=1,74ms/P=0,22ms, T=1,68ms/P=0,19ms, T=1,77ms/P=0,21ms, T=1,68ms/P=0,20ms, T=1,72ms/P=0,21ms, T=1,68ms/P=0,21ms, T=1,68ms/P=0,24ms, T=1,73ms/P=0,22ms"
1764546366940,"MAD TFLite NNAPI","TensorFlow Lite","TFLite NNAPI","1×(1 sensor × 8192 amostras)",8192,1.958971,0.051333,1.899791,2.073334,1.716419,0.036200,1.676094,1.775729,0.242552,0.027295,0.218073,0.300261,4181786.386,12,1,"Baixa/Média (NNAPI)",motorola,"moto g84 5G",qcom,bangkk,"QTI SM6375",34,false,"Mean=1751.7931 | Std=771.7946 | Min=0.0 | Max=2502.3801 | Escala 2x | Tempos: T=1,77ms/P=0,30ms, T=1,69ms/P=0,23ms, T=1,78ms/P=0,24ms, T=1,69ms/P=0,22ms, T=1,72ms/P=0,23ms, T=1,68ms/P=0,30ms, T=1,68ms/P=0,23ms, T=1,72ms/P=0,23ms, T=1,69ms/P=0,24ms, T=1,77ms/P=0,25ms, T=1,68ms/P=0,22ms, T=1,73ms/P=0,22ms"
1764546368573,"MAD CPU Kotlin x10",Kotlin,"CPU Kotlin","12×(1 sensor × 8192 amostras)",98304,135.005208,2.561581,132.184323,140.963698,0.000000,0.000000,0.000000,0.000000,135.005208,2.561581,132.184323,140.963698,728149.686,12,12,"Alta (CPU Kotlin)",motorola,"moto g84 5G",qcom,bangkk,"QTI SM6375",34,false,"Mean=1839,703 | Std=711,480 | Min=91,072 | Max=2500,821 | Escala 2x | Tempos: T=0,00ms/P=132,18ms, T=0,00ms/P=132,35ms, T=0,00ms/P=140,96ms, T=0,00ms/P=134,38ms, T=0,00ms/P=135,83ms, T=0,00ms/P=134,13ms, T=0,00ms/P=139,43ms, T=0,00ms/P=133,60ms, T=0,00ms/P=134,99ms, T=0,00ms/P=133,56ms, T=0,00ms/P=133,39ms, T=0,00ms/P=135,26ms"
1764546368892,"MAD TFLite CPU x10","TensorFlow Lite","TFLite CPU","12×(1 sensor × 8192 amostras)",98304,23.031936,0.117391,22.893699,23.350674,20.584740,0.085316,20.477446,20.792602,2.447196,0.067412,2.331615,2.558072,4268160.507,12,12,"Média (CPU TFLite)",motorola,"moto g84 5G",qcom,bangkk,"QTI SM6375",34,false,"Mean=1838.8462 | Std=714.6268 | Min=0.0 | Max=2502.3801 | Escala 2x | Tempos: T=20,79ms/P=2,56ms, T=20,53ms/P=2,53ms, T=20,62ms/P=2,39ms, T=20,66ms/P=2,47ms, T=20,58ms/P=2,42ms, T=20,56ms/P=2,39ms, T=20,48ms/P=2,41ms, T=20,48ms/P=2,44ms, T=20,67ms/P=2,33ms, T=20,55ms/P=2,53ms, T=20,55ms/P=2,39ms, T=20,55ms/P=2,50ms"
1764546369214,"MAD TFLite GPU x10","TensorFlow Lite","TFLite GPU","12×(1 sensor × 8192 amostras)",98304,23.101958,0.327307,22.920733,24.152344,20.604839,0.148140,20.415679,21.040104,2.497118,0.194428,2.365883,3.112240,4255223.811,12,12,"Baixa (GPU Paralela)",motorola,"moto g84 5G",qcom,bangkk,"QTI SM6375",34,false,"Mean=1838.8462 | Std=714.6268 | Min=0.0 | Max=2502.3801 | Escala 2x | Tempos: T=21,04ms/P=3,11ms, T=20,53ms/P=2,42ms, T=20,68ms/P=2,54ms, T=20,59ms/P=2,41ms, T=20,42ms/P=2,51ms, T=20,57ms/P=2,37ms, T=20,56ms/P=2,54ms, T=20,53ms/P=2,39ms, T=20,64ms/P=2,42ms, T=20,54ms/P=2,41ms, T=20,51ms/P=2,48ms, T=20,66ms/P=2,37ms"
1764546369529,"MAD TFLite NNAPI x10","TensorFlow Lite","TFLite NNAPI","12×(1 sensor × 8192 amostras)",98304,23.026749,0.113360,22.874272,23.257085,20.529276,0.088600,20.400001,20.684636,2.497473,0.043524,2.411977,2.572449,4269121.968,12,12,"Baixa/Média (NNAPI)",motorola,"moto g84 5G",qcom,bangkk,"QTI SM6375",34,false,"Mean=1838.8462 | Std=714.6268 | Min=0.0 | Max=2502.3801 | Escala 2x | Tempos: T=20,68ms/P=2,57ms, T=20,59ms/P=2,41ms, T=20,40ms/P=2,47ms, T=20,58ms/P=2,56ms, T=20,44ms/P=2,51ms, T=20,41ms/P=2,48ms, T=20,54ms/P=2,53ms, T=20,61ms/P=2,51ms, T=20,53ms/P=2,47ms, T=20,47ms/P=2,50ms, T=20,63ms/P=2,50ms, T=20,46ms/P=2,44ms"
1764546369719,"FFT CPU",Kotlin,"CPU Kotlin","1×(10 sensores × 8192 amostras)",81920,14.864913,0.327790,14.103906,15.307084,0.000000,0.000000,0.000000,0.000000,14.864913,0.327790,14.103906,15.307084,5510963.849,12,1,"Alta (CPU Kotlin)",motorola,"moto g84 5G",qcom,bangkk,"QTI SM6375",34,false,"FFT CPU -> 14,509 ms Σ pesos (4 primeiros): S0=81667016,00 | S1=69972568,00 | S2=52348848,00 | S3=35489356,00 S0 bins[0..2]: 14602055,00, 3737650,25, 1660674,88 | Escala 2x | Tempos: T=0,00ms/P=15,02ms, T=0,00ms/P=14,10ms, T=0,00ms/P=15,22ms, T=0,00ms/P=15,31ms, T=0,00ms/P=14,71ms, T=0,00ms/P=14,99ms, T=0,00ms/P=14,87ms, T=0,00ms/P=14,88ms, T=0,00ms/P=15,17ms, T=0,00ms/P=14,58ms, T=0,00ms/P=15,02ms, T=0,00ms/P=14,51ms"
1764546369873,"FFT TFLite CPU","TensorFlow Lite","TFLite CPU","1×(10 sensores × 8192 amostras)",81920,7.839236,0.180372,7.700520,8.333750,5.800499,0.092004,5.719635,6.078906,2.038737,0.131442,1.980885,2.465104,10449997.933,12,1,"Média (CPU TFLite)",motorola,"moto g84 5G",qcom,bangkk,"QTI SM6375",34,false,"FFT TFLite (TFLite CPU) -> 7,740 ms Σ pesos (4 primeiros): S0=81667000,00 | S1=69972488,00 | S2=52348812,00 | S3=35489364,00 S0 bins[0..2]: 14602056,00, 3737650,25, 1660674,88 | Escala 2x | Tempos: T=5,87ms/P=2,47ms, T=5,78ms/P=1,99ms, T=5,75ms/P=1,99ms, T=5,78ms/P=1,99ms, T=5,74ms/P=2,00ms, T=5,72ms/P=1,98ms, T=5,78ms/P=1,98ms, T=5,78ms/P=2,00ms, T=5,75ms/P=1,99ms, T=5,82ms/P=2,09ms, T=6,08ms/P=2,01ms, T=5,76ms/P=1,98ms"
1764546370032,"FFT TFLite GPU","TensorFlow Lite","TFLite GPU","1×(10 sensores × 8192 amostras)",81920,7.770187,0.079050,7.699166,8.018177,5.746706,0.060832,5.645729,5.904063,2.023481,0.047464,1.980417,2.128594,10542861.261,12,1,"Baixa (GPU Paralela)",motorola,"moto g84 5G",qcom,bangkk,"QTI SM6375",34,false,"FFT TFLite (TFLite GPU) -> 7,786 ms Σ pesos (4 primeiros): S0=81667000,00 | S1=69972488,00 | S2=52348812,00 | S3=35489364,00 S0 bins[0..2]: 14602056,00, 3737650,25, 1660674,88 | Escala 2x | Tempos: T=5,90ms/P=2,11ms, T=5,78ms/P=2,00ms, T=5,74ms/P=1,99ms, T=5,74ms/P=2,02ms, T=5,73ms/P=2,00ms, T=5,76ms/P=1,99ms, T=5,77ms/P=1,98ms, T=5,74ms/P=1,99ms, T=5,73ms/P=1,99ms, T=5,65ms/P=2,13ms, T=5,67ms/P=2,03ms, T=5,74ms/P=2,04ms"
1764546370179,"FFT TFLite NNAPI","TensorFlow Lite","TFLite NNAPI","1×(10 sensores × 8192 amostras)",81920,7.737800,0.071267,7.676094,7.943542,5.720755,0.059398,5.656718,5.840313,2.017044,0.033062,1.983229,2.103229,10586989.120,12,1,"Baixa/Média (NNAPI)",motorola,"moto g84 5G",qcom,bangkk,"QTI SM6375",34,false,"FFT TFLite (TFLite NNAPI) -> 7,693 ms Σ pesos (4 primeiros): S0=81667000,00 | S1=69972488,00 | S2=52348812,00 | S3=35489364,00 S0 bins[0..2]: 14602056,00, 3737650,25, 1660674,88 | Escala 2x | Tempos: T=5,84ms/P=2,10ms, T=5,74ms/P=1,99ms, T=5,69ms/P=1,99ms, T=5,74ms/P=2,01ms, T=5,73ms/P=1,99ms, T=5,83ms/P=1,98ms, T=5,74ms/P=2,01ms, T=5,67ms/P=2,02ms, T=5,66ms/P=2,04ms, T=5,68ms/P=2,02ms, T=5,66ms/P=2,05ms, T=5,68ms/P=2,02ms"
1764546372428,"FFT CPU x10",Kotlin,"CPU Kotlin","12×(10 sensores × 8192 amostras)",983040,182.077148,3.315259,176.123176,187.124738,0.000000,0.000000,0.000000,0.000000,182.077148,3.315259,176.123176,187.124738,5399030.096,12,12,"Alta (CPU Kotlin)",motorola,"moto g84 5G",qcom,bangkk,"QTI SM6375",34,false,"FFT CPU -> 15,329 ms Σ pesos (4 primeiros): S0=81667016,00 | S1=69972568,00 | S2=52348848,00 | S3=35489356,00 S0 bins[0..2]: 14602055,00, 3737650,25, 1660674,88 | Escala 2x | Tempos: T=0,00ms/P=186,66ms, T=0,00ms/P=180,68ms, T=0,00ms/P=182,80ms, T=0,00ms/P=184,64ms, T=0,00ms/P=184,91ms, T=0,00ms/P=183,25ms, T=0,00ms/P=176,12ms, T=0,00ms/P=178,98ms, T=0,00ms/P=179,65ms, T=0,00ms/P=178,08ms, T=0,00ms/P=187,12ms, T=0,00ms/P=182,02ms"
1764546374158,"FFT TFLite CPU x10","TensorFlow Lite","TFLite CPU","12×(10 sensores × 8192 amostras)",983040,93.630102,1.764085,92.490002,98.673335,69.138495,1.246691,68.274428,72.271929,24.491606,0.635791,23.976719,26.401406,10499187.593,12,12,"Média (CPU TFLite)",motorola,"moto g84 5G",qcom,bangkk,"QTI SM6375",34,false,"FFT TFLite (TFLite CPU) -> 7,665 ms Σ pesos (4 primeiros): S0=81667000,00 | S1=69972488,00 | S2=52348812,00 | S3=35489364,00 S0 bins[0..2]: 14602056,00, 3737650,25, 1660674,88 | Escala 2x | Tempos: T=69,16ms/P=24,84ms, T=69,32ms/P=23,98ms, T=72,27ms/P=26,40ms, T=71,34ms/P=24,43ms, T=68,31ms/P=24,73ms, T=68,47ms/P=24,09ms, T=68,62ms/P=24,51ms, T=68,50ms/P=23,99ms, T=68,35ms/P=24,26ms, T=68,58ms/P=24,40ms, T=68,46ms/P=24,03ms, T=68,27ms/P=24,23ms"
1764546375878,"FFT TFLite GPU x10","TensorFlow Lite","TFLite GPU","12×(10 sensores × 8192 amostras)",983040,92.801254,0.371582,92.420419,93.516299,68.575378,0.289009,68.210105,69.169739,24.225876,0.210310,23.946354,24.634946,10592960.306,12,12,"Baixa (GPU Paralela)",motorola,"moto g84 5G",qcom,bangkk,"QTI SM6375",34,false,"FFT TFLite (TFLite GPU) -> 7,685 ms Σ pesos (4 primeiros): S0=81667000,00 | S1=69972488,00 | S2=52348812,00 | S3=35489364,00 S0 bins[0..2]: 14602056,00, 3737650,25, 1660674,88 | Escala 2x | Tempos: T=68,88ms/P=24,63ms, T=68,21ms/P=24,41ms, T=68,56ms/P=24,04ms, T=68,39ms/P=24,15ms, T=69,17ms/P=24,00ms, T=68,40ms/P=24,29ms, T=68,41ms/P=24,01ms, T=68,97ms/P=24,53ms, T=68,33ms/P=24,23ms, T=68,30ms/P=24,33ms, T=68,76ms/P=24,15ms, T=68,51ms/P=23,95ms"
1764546377593,"FFT TFLite NNAPI x10","TensorFlow Lite","TFLite NNAPI","12×(10 sensores × 8192 amostras)",983040,92.708184,0.272170,92.428332,93.146197,68.507195,0.181182,68.266250,68.824582,24.200989,0.201925,23.855416,24.586405,10603594.570,12,12,"Baixa/Média (NNAPI)",motorola,"moto g84 5G",qcom,bangkk,"QTI SM6375",34,false,"FFT TFLite (TFLite NNAPI) -> 7,717 ms Σ pesos (4 primeiros): S0=81667000,00 | S1=69972488,00 | S2=52348812,00 | S3=35489364,00 S0 bins[0..2]: 14602056,00, 3737650,25, 1660674,88 | Escala 2x | Tempos: T=68,54ms/P=24,59ms, T=68,82ms/P=24,15ms, T=68,51ms/P=24,05ms, T=68,46ms/P=24,02ms, T=68,75ms/P=24,40ms, T=68,34ms/P=24,30ms, T=68,44ms/P=24,02ms, T=68,32ms/P=24,10ms, T=68,73ms/P=23,86ms, T=68,27ms/P=24,24ms, T=68,29ms/P=24,21ms, T=68,61ms/P=24,46ms"
1764546378031,"MAD CPU Kotlin",Kotlin,"CPU Kotlin","1×(1 sensor × 16384 amostras)",16384,35.730512,0.687128,34.665208,37.071875,0.000000,0.000000,0.000000,0.000000,35.730512,0.687128,34.665208,37.071875,458543.667,12,1,"Alta (CPU Kotlin)",motorola,"moto g84 5G",qcom,bangkk,"QTI SM6375",34,false,"Mean=1756,440 | Std=770,817 | Min=35,957 | Max=2502,316 | Escala 4x | Tempos: T=0,00ms/P=37,07ms, T=0,00ms/P=35,20ms, T=0,00ms/P=36,73ms, T=0,00ms/P=35,08ms, T=0,00ms/P=34,67ms, T=0,00ms/P=35,15ms, T=0,00ms/P=36,41ms, T=0,00ms/P=35,86ms, T=0,00ms/P=35,86ms, T=0,00ms/P=35,46ms, T=0,00ms/P=35,86ms, T=0,00ms/P=35,42ms"
1764546378090,"MAD TFLite CPU","TensorFlow Lite","TFLite CPU","1×(1 sensor × 16384 amostras)",16384,3.808051,0.156524,3.729480,4.323593,3.407774,0.023393,3.378178,3.459583,0.400278,0.140480,0.332291,0.864010,4302463.104,12,1,"Média (CPU TFLite)",motorola,"moto g84 5G",qcom,bangkk,"QTI SM6375",34,false,"Mean=1751.848 | Std=771.7286 | Min=0.0 | Max=2502.3801 | Escala 4x | Tempos: T=3,46ms/P=0,86ms, T=3,39ms/P=0,37ms, T=3,40ms/P=0,37ms, T=3,38ms/P=0,35ms, T=3,41ms/P=0,35ms, T=3,44ms/P=0,33ms, T=3,41ms/P=0,37ms, T=3,38ms/P=0,36ms, T=3,41ms/P=0,35ms, T=3,40ms/P=0,34ms, T=3,43ms/P=0,37ms, T=3,38ms/P=0,37ms"
1764546378155,"MAD TFLite GPU","TensorFlow Lite","TFLite GPU","1×(1 sensor × 16384 amostras)",16384,3.910807,0.231359,3.733698,4.558490,3.535208,0.176951,3.379167,3.988750,0.375599,0.060131,0.337969,0.569740,4189416.214,12,1,"Baixa (GPU Paralela)",motorola,"moto g84 5G",qcom,bangkk,"QTI SM6375",34,false,"Mean=1751.848 | Std=771.7286 | Min=0.0 | Max=2502.3801 | Escala 4x | Tempos: T=3,99ms/P=0,57ms, T=3,66ms/P=0,37ms, T=3,65ms/P=0,38ms, T=3,65ms/P=0,38ms, T=3,63ms/P=0,36ms, T=3,40ms/P=0,34ms, T=3,42ms/P=0,36ms, T=3,38ms/P=0,35ms, T=3,42ms/P=0,34ms, T=3,44ms/P=0,34ms, T=3,41ms/P=0,35ms, T=3,38ms/P=0,35ms"
1764546378214,"MAD TFLite NNAPI","TensorFlow Lite","TFLite NNAPI","1×(1 sensor × 16384 amostras)",16384,3.809805,0.114853,3.734219,4.158385,3.428407,0.072270,3.369792,3.622083,0.381398,0.056714,0.342448,0.536302,4300482.853,12,1,"Baixa/Média (NNAPI)",motorola,"moto g84 5G",qcom,bangkk,"QTI SM6375",34,false,"Mean=1751.848 | Std=771.7286 | Min=0.0 | Max=2502.3801 | Escala 4x | Tempos: T=3,62ms/P=0,54ms, T=3,37ms/P=0,47ms, T=3,39ms/P=0,35ms, T=3,41ms/P=0,35ms, T=3,38ms/P=0,38ms, T=3,40ms/P=0,37ms, T=3,39ms/P=0,34ms, T=3,45ms/P=0,36ms, T=3,38ms/P=0,38ms, T=3,54ms/P=0,37ms, T=3,40ms/P=0,35ms, T=3,41ms/P=0,34ms"
1764546383523,"MAD CPU Kotlin x10",Kotlin,"CPU Kotlin","12×(1 sensor × 16384 amostras)",196608,440.809206,6.160661,430.161302,450.502396,0.000000,0.000000,0.000000,0.000000,440.809206,6.160661,430.161302,450.502396,446016.094,12,12,"Alta (CPU Kotlin)",motorola,"moto g84 5G",qcom,bangkk,"QTI SM6375",34,false,"Mean=1839,596 | Std=711,908 | Min=45,134 | Max=2501,912 | Escala 4x | Tempos: T=0,00ms/P=445,96ms, T=0,00ms/P=431,88ms, T=0,00ms/P=434,14ms, T=0,00ms/P=430,16ms, T=0,00ms/P=443,58ms, T=0,00ms/P=442,58ms, T=0,00ms/P=439,21ms, T=0,00ms/P=450,50ms, T=0,00ms/P=443,62ms, T=0,00ms/P=440,53ms, T=0,00ms/P=438,36ms, T=0,00ms/P=449,18ms"
1764546384115,"MAD TFLite CPU x10","TensorFlow Lite","TFLite CPU","12×(1 sensor × 16384 amostras)",196608,45.095790,0.241918,44.551874,45.469322,40.444319,0.087267,40.335417,40.646668,4.651471,0.237492,4.137084,4.965571,4359786.111,12,12,"Média (CPU TFLite)",motorola,"moto g84 5G",qcom,bangkk,"QTI SM6375",34,false,"Mean=1838.8906 | Std=714.5512 | Min=0.0 | Max=2502.3801 | Escala 4x | Tempos: T=40,54ms/P=4,93ms, T=40,55ms/P=4,64ms, T=40,37ms/P=4,67ms, T=40,40ms/P=4,66ms, T=40,34ms/P=4,93ms, T=40,37ms/P=4,97ms, T=40,65ms/P=4,46ms, T=40,46ms/P=4,73ms, T=40,44ms/P=4,60ms, T=40,43ms/P=4,75ms, T=40,38ms/P=4,34ms, T=40,41ms/P=4,14ms"
1764546384710,"MAD TFLite GPU x10","TensorFlow Lite","TFLite GPU","12×(1 sensor × 16384 amostras)",196608,45.199613,0.119964,44.938178,45.308334,40.695391,0.236728,40.467969,41.112864,4.504223,0.279938,4.148020,4.822814,4349771.740,12,12,"Baixa (GPU Paralela)",motorola,"moto g84 5G",qcom,bangkk,"QTI SM6375",34,false,"Mean=1838.8906 | Std=714.5512 | Min=0.0 | Max=2502.3801 | Escala 4x | Tempos: T=40,60ms/P=4,71ms, T=40,48ms/P=4,81ms, T=40,49ms/P=4,80ms, T=40,47ms/P=4,82ms, T=40,52ms/P=4,70ms, T=40,50ms/P=4,79ms, T=40,49ms/P=4,45ms, T=40,77ms/P=4,20ms, T=40,96ms/P=4,22ms, T=41,11ms/P=4,15ms, T=40,95ms/P=4,24ms, T=41,01ms/P=4,16ms"
1764546385300,"MAD TFLite NNAPI x10","TensorFlow Lite","TFLite NNAPI","12×(1 sensor × 16384 amostras)",196608,45.138103,0.107890,44.988646,45.417343,40.946120,0.070414,40.817500,41.057707,4.191984,0.070919,4.115104,4.385937,4355699.179,12,12,"Baixa/Média (NNAPI)",motorola,"moto g84 5G",qcom,bangkk,"QTI SM6375",34,false,"Mean=1838.8906 | Std=714.5512 | Min=0.0 | Max=2502.3801 | Escala 4x | Tempos: T=41,03ms/P=4,39ms, T=40,92ms/P=4,17ms, T=41,06ms/P=4,19ms, T=40,92ms/P=4,18ms, T=40,97ms/P=4,23ms, T=41,02ms/P=4,12ms, T=40,82ms/P=4,17ms, T=40,96ms/P=4,12ms, T=40,91ms/P=4,25ms, T=40,98ms/P=4,14ms, T=40,92ms/P=4,15ms, T=40,83ms/P=4,21ms"
1764546385870,"FFT CPU",Kotlin,"CPU Kotlin","1×(10 sensores × 16384 amostras)",163840,46.354505,5.441542,35.065208,55.674218,0.000000,0.000000,0.000000,0.000000,46.354505,5.441542,35.065208,55.674218,3534500.038,12,1,"Alta (CPU Kotlin)",motorola,"moto g84 5G",qcom,bangkk,"QTI SM6375",34,false,"FFT CPU -> 46,735 ms Σ pesos (4 primeiros): S0=242420496,00 | S1=203492944,00 | S2=146452480,00 | S3=92211616,00 S0 bins[0..2]: 29205378,00, 7474794,50, 3321052,25 | Escala 4x | Tempos: T=0,00ms/P=43,59ms, T=0,00ms/P=46,68ms, T=0,00ms/P=51,39ms, T=0,00ms/P=55,67ms, T=0,00ms/P=50,83ms, T=0,00ms/P=42,46ms, T=0,00ms/P=35,07ms, T=0,00ms/P=40,11ms, T=0,00ms/P=43,87ms, T=0,00ms/P=50,88ms, T=0,00ms/P=48,96ms, T=0,00ms/P=46,73ms"
1764546386174,"FFT TFLite CPU","TensorFlow Lite","TFLite CPU","1×(10 sensores × 16384 amostras)",163840,16.747092,1.484892,15.422135,21.469218,11.715538,1.168172,11.309323,15.586614,5.031554,0.463922,4.112812,5.882604,9783191.211,12,1,"Média (CPU TFLite)",motorola,"moto g84 5G",qcom,bangkk,"QTI SM6375",34,false,"FFT TFLite (TFLite CPU) -> 16,589 ms Σ pesos (4 primeiros): S0=242420528,00 | S1=203492736,00 | S2=146452496,00 | S3=92211704,00 S0 bins[0..2]: 29205378,00, 7474795,00, 3321052,00 | Escala 4x | Tempos: T=15,59ms/P=5,88ms, T=11,32ms/P=4,52ms, T=11,34ms/P=4,62ms, T=11,35ms/P=5,05ms, T=11,32ms/P=4,84ms, T=11,35ms/P=4,95ms, T=11,36ms/P=5,40ms, T=11,42ms/P=5,06ms, T=11,40ms/P=5,06ms, T=11,49ms/P=5,62ms, T=11,31ms/P=4,11ms, T=11,33ms/P=5,26ms"
1764546386479,"FFT TFLite GPU","TensorFlow Lite","TFLite GPU","1×(10 sensores × 16384 amostras)",163840,16.517231,0.938127,15.355209,17.820782,11.547852,0.522425,11.286250,13.246667,4.969379,0.894735,4.031615,6.314114,9919338.175,12,1,"Baixa (GPU Paralela)",motorola,"moto g84 5G",qcom,bangkk,"QTI SM6375",34,false,"FFT TFLite (TFLite GPU) -> 16,547 ms Σ pesos (4 primeiros): S0=242420528,00 | S1=203492736,00 | S2=146452496,00 | S3=92211704,00 S0 bins[0..2]: 29205378,00, 7474795,00, 3321052,00 | Escala 4x | Tempos: T=11,72ms/P=6,10ms, T=13,25ms/P=4,18ms, T=11,36ms/P=4,06ms, T=11,39ms/P=5,44ms, T=11,36ms/P=6,31ms, T=11,40ms/P=4,06ms, T=11,37ms/P=5,74ms, T=11,37ms/P=4,36ms, T=11,32ms/P=4,03ms, T=11,29ms/P=6,11ms, T=11,38ms/P=4,05ms, T=11,37ms/P=5,18ms"
1764546386779,"FFT TFLite NNAPI","TensorFlow Lite","TFLite NNAPI","1×(10 sensores × 16384 amostras)",163840,16.505078,0.488549,15.415209,17.207186,11.461792,0.172363,11.326615,11.932343,5.043285,0.512218,4.072969,5.715520,9926642.071,12,1,"Baixa/Média (NNAPI)",motorola,"moto g84 5G",qcom,bangkk,"QTI SM6375",34,false,"FFT TFLite (TFLite NNAPI) -> 16,008 ms Σ pesos (4 primeiros): S0=242420528,00 | S1=203492736,00 | S2=146452496,00 | S3=92211704,00 S0 bins[0..2]: 29205378,00, 7474795,00, 3321052,00 | Escala 4x | Tempos: T=11,70ms/P=5,38ms, T=11,36ms/P=5,48ms, T=11,45ms/P=5,39ms, T=11,34ms/P=4,07ms, T=11,43ms/P=4,77ms, T=11,34ms/P=5,51ms, T=11,33ms/P=5,07ms, T=11,42ms/P=5,26ms, T=11,38ms/P=4,98ms, T=11,49ms/P=5,72ms, T=11,37ms/P=4,81ms, T=11,93ms/P=4,08ms"
1764546394629,"FFT CPU x10",Kotlin,"CPU Kotlin","12×(10 sensores × 16384 amostras)",1966080,644.081588,244.210322,320.754581,937.630312,0.000000,0.000000,0.000000,0.000000,644.081588,244.210322,320.754581,937.630312,3052532.530,12,12,"Alta (CPU Kotlin)",motorola,"moto g84 5G",qcom,bangkk,"QTI SM6375",34,false,"FFT CPU -> 77,274 ms Σ pesos (4 primeiros): S0=242420496,00 | S1=203492944,00 | S2=146452480,00 | S3=92211616,00 S0 bins[0..2]: 29205378,00, 7474794,50, 3321052,25 | Escala 4x | Tempos: T=0,00ms/P=473,96ms, T=0,00ms/P=416,50ms, T=0,00ms/P=345,20ms, T=0,00ms/P=320,75ms, T=0,00ms/P=332,23ms, T=0,00ms/P=579,15ms, T=0,00ms/P=915,32ms, T=0,00ms/P=824,79ms, T=0,00ms/P=811,09ms, T=0,00ms/P=937,63ms, T=0,00ms/P=918,42ms, T=0,00ms/P=853,94ms"
1764546398114,"FFT TFLite CPU x10","TensorFlow Lite","TFLite CPU","12×(10 sensores × 16384 amostras)",1966080,196.791280,1.177211,194.434320,198.698386,137.142613,0.412637,136.535207,137.769742,59.648667,1.143941,57.532395,60.935885,9990686.575,12,12,"Média (CPU TFLite)",motorola,"moto g84 5G",qcom,bangkk,"QTI SM6375",34,false,"FFT TFLite (TFLite CPU) -> 16,484 ms Σ pesos (4 primeiros): S0=242420528,00 | S1=203492736,00 | S2=146452496,00 | S3=92211704,00 S0 bins[0..2]: 29205378,00, 7474795,00, 3321052,00 | Escala 4x | Tempos: T=137,08ms/P=59,14ms, T=137,77ms/P=60,93ms, T=136,71ms/P=59,90ms, T=137,67ms/P=59,92ms, T=137,01ms/P=60,85ms, T=136,91ms/P=59,99ms, T=136,73ms/P=60,65ms, T=137,69ms/P=58,54ms, T=137,10ms/P=57,72ms, T=136,54ms/P=60,94ms, T=137,60ms/P=59,69ms, T=136,90ms/P=57,53ms"
1764546401588,"FFT TFLite GPU x10","TensorFlow Lite","TFLite GPU","12×(10 sensores × 16384 amostras)",1966080,196.335264,1.416231,192.498439,198.070105,137.175933,0.581053,136.497500,138.584843,59.159332,1.371326,55.303752,60.587136,10013891.323,12,12,"Baixa (GPU Paralela)",motorola,"moto g84 5G",qcom,bangkk,"QTI SM6375",34,false,"FFT TFLite (TFLite GPU) -> 16,360 ms Σ pesos (4 primeiros): S0=242420528,00 | S1=203492736,00 | S2=146452496,00 | S3=92211704,00 S0 bins[0..2]: 29205378,00, 7474795,00, 3321052,00 | Escala 4x | Tempos: T=136,68ms/P=60,59ms, T=137,70ms/P=58,47ms, T=136,50ms/P=58,69ms, T=137,19ms/P=55,30ms, T=137,56ms/P=59,15ms, T=136,56ms/P=60,53ms, T=137,02ms/P=59,57ms, T=138,58ms/P=59,49ms, T=136,71ms/P=58,45ms, T=137,04ms/P=59,73ms, T=136,91ms/P=60,55ms, T=137,65ms/P=59,39ms"
1764546405078,"FFT TFLite NNAPI x10","TensorFlow Lite","TFLite NNAPI","12×(10 sensores × 16384 amostras)",1966080,196.179440,2.314335,189.825677,199.635416,137.191979,0.676465,136.391197,138.680105,58.987461,2.225730,53.211512,63.023905,10021845.324,12,12,"Baixa/Média (NNAPI)",motorola,"moto g84 5G",qcom,bangkk,"QTI SM6375",34,false,"FFT TFLite (TFLite NNAPI) -> 16,443 ms Σ pesos (4 primeiros): S0=242420528,00 | S1=203492736,00 | S2=146452496,00 | S3=92211704,00 S0 bins[0..2]: 29205378,00, 7474795,00, 3321052,00 | Escala 4x | Tempos: T=137,59ms/P=58,21ms, T=136,61ms/P=63,02ms, T=138,68ms/P=58,66ms, T=137,24ms/P=60,53ms, T=136,54ms/P=60,09ms, T=137,86ms/P=58,20ms, T=136,39ms/P=59,60ms, T=137,12ms/P=57,62ms, T=137,94ms/P=60,57ms, T=136,59ms/P=59,28ms, T=137,12ms/P=58,85ms, T=136,61ms/P=53,21ms"
